Term,Category
porn,Sexual/Pornographic
pornography,Sexual/Pornographic
xxx,Sexual/Pornographic
adult,Sexual/Pornographic
adult content,Sexual/Pornographic
adult video,Sexual/Pornographic
adult film,Sexual/Pornographic
sex,Sexual/Pornographic
sexual,Sexual/Pornographic
sexual content,Sexual/Pornographic
sexual intercourse,Sexual/Pornographic
explicit sex,Sexual/Pornographic
hardcore,Sexual/Pornographic
softcore,Sexual/Pornographic
erotic,Sexual/Pornographic
erotica,Sexual/Pornographic
nude,Sexual/Pornographic
nudity,Sexual/Pornographic
naked,Sexual/Pornographic
topless,Sexual/Pornographic
strip,Sexual/Pornographic
stripper,Sexual/Pornographic
striptease,Sexual/Pornographic
lingerie,Sexual/Pornographic
fetish,Sexual/Pornographic
kink,Sexual/Pornographic
bdsm,Sexual/Pornographic
bondage,Sexual/Pornographic
domination,Sexual/Pornographic
submission,Sexual/Pornographic
dominatrix,Sexual/Pornographic
submissive,Sexual/Pornographic
roleplay,Sexual/Pornographic
oral sex,Sexual/Pornographic
anal sex,Sexual/Pornographic
vaginal sex,Sexual/Pornographic
blowjob,Sexual/Pornographic
handjob,Sexual/Pornographic
cumshot,Sexual/Pornographic
creampie,Sexual/Pornographic
facial,Sexual/Pornographic
semen,Sexual/Pornographic
ejaculation,Sexual/Pornographic
orgasm,Sexual/Pornographic
masturbation,Sexual/Pornographic
self pleasure,Sexual/Pornographic
milf,Sexual/Pornographic
gilf,Sexual/Pornographic
cougar,Sexual/Pornographic
threesome,Sexual/Pornographic
foursome,Sexual/Pornographic
gangbang,Sexual/Pornographic
swinger,Sexual/Pornographic
swinging,Sexual/Pornographic
voyeur,Sexual/Pornographic
exhibitionist,Sexual/Pornographic
escort,Sexual/Pornographic
escort service,Sexual/Pornographic
prostitute,Sexual/Pornographic
sex worker,Sexual/Pornographic
camgirl,Sexual/Pornographic
camboy,Sexual/Pornographic
webcam sex,Sexual/Pornographic
live sex,Sexual/Pornographic
adult chat,Sexual/Pornographic
phone sex,Sexual/Pornographic
onlyfans,Sexual/Pornographic
fansly,Sexual/Pornographic
manyvids,Sexual/Pornographic
chaturbate,Sexual/Pornographic
hentai,Sexual/Pornographic
ecchi,Sexual/Pornographic
rule34,Sexual/Pornographic
nsfw,Sexual/Pornographic
lewd,Sexual/Pornographic
smut,Sexual/Pornographic
adult manga,Sexual/Pornographic
adult anime,Sexual/Pornographic
pornstar,Sexual/Pornographic
adult actress,Sexual/Pornographic
adult actor,Sexual/Pornographic
sex tape,Sexual/Pornographic
nipple,Sexual/Pornographic
breast,Sexual/Pornographic
boob,Sexual/Pornographic
boobs,Sexual/Pornographic
tits,Sexual/Pornographic
areola,Sexual/Pornographic
cleavage,Sexual/Pornographic
butt,Sexual/Pornographic
ass,Sexual/Pornographic
booty,Sexual/Pornographic
genitals,Sexual/Pornographic
penis,Sexual/Pornographic
vagina,Sexual/Pornographic
vulva,Sexual/Pornographic
clitoris,Sexual/Pornographic
testicles,Sexual/Pornographic
scrotum,Sexual/Pornographic
pubic,Sexual/Pornographic
pubes,Sexual/Pornographic
pubic hair,Sexual/Pornographic
cunnilingus,Sexual/Pornographic
fellatio,Sexual/Pornographic
rimjob,Sexual/Pornographic
69 position,Sexual/Pornographic
doggystyle,Sexual/Pornographic
missionary position,Sexual/Pornographic
cowgirl,Sexual/Pornographic
reverse cowgirl,Sexual/Pornographic
sex toy,Sexual/Pornographic
dildo,Sexual/Pornographic
vibrator,Sexual/Pornographic
buttplug,Sexual/Pornographic
butt plug,Sexual/Pornographic
fleshlight,Sexual/Pornographic
adult toy,Sexual/Pornographic
latex fetish,Sexual/Pornographic
foot fetish,Sexual/Pornographic
panty fetish,Sexual/Pornographic
stocking fetish,Sexual/Pornographic
pregnancy fetish,Sexual/Pornographic
inflation fetish,Sexual/Pornographic
humiliation fetish,Sexual/Pornographic
spanking,Sexual/Pornographic
whipping,Sexual/Pornographic
gagged,Sexual/Pornographic
restraints,Sexual/Pornographic
handcuffs,Sexual/Pornographic
sex dungeon,Sexual/Pornographic
porn site,Sexual/Pornographic
adult website,Sexual/Pornographic
adult gallery,Sexual/Pornographic
nudes,Sexual/Pornographic
send nudes,Sexual/Pornographic
dirty talk,Sexual/Pornographic
sexting,Sexual/Pornographic
horny,Sexual/Pornographic
aroused,Sexual/Pornographic
lust,Sexual/Pornographic
sexual fantasy,Sexual/Pornographic
fetish content,Sexual/Pornographic
adult stream,Sexual/Pornographic
adult cam,Sexual/Pornographic
adult model,Sexual/Pornographic
x-rated,Sexual/Pornographic
18+,Sexual/Pornographic
mature content,Sexual/Pornographic
uncensored,Sexual/Pornographic
explicit,Sexual/Pornographic
graphic sex,Sexual/Pornographic
porn clip,Sexual/Pornographic
porn video,Sexual/Pornographic
porn image,Sexual/Pornographic
porn pic,Sexual/Pornographic
adult gif,Sexual/Pornographic
nsfw art,Sexual/Pornographic
nsfw image,Sexual/Pornographic
nsfw video,Sexual/Pornographic
adult comic,Sexual/Pornographic
erotic novel,Sexual/Pornographic
